﻿{"cameraMode":{"drawMode":0,"name":"Shaded","section":"Shading Mode"},"sceneLighting":false,"audioPlay":false,"sceneViewState":{"m_AlwaysRefresh":false,"showFog":true,"showSkybox":false,"showFlares":true,"showImageEffects":true,"showParticleSystems":true,"showVisualEffectGraphs":true,"m_FxEnabled":true},"in2DMode":false,"pivot":{"x":0.0,"y":2.3718371391296388,"z":0.0},"rotation":{"x":0.6833800673484802,"y":-0.0043801357969641689,"z":0.004100246354937553,"w":0.7300401329994202},"size":7.036454677581787,"orthographic":false}