﻿{"cameraMode":{"drawMode":0,"name":"Shaded","section":"Shading Mode"},"sceneLighting":false,"audioPlay":false,"sceneViewState":{"m_AlwaysRefresh":false,"showFog":true,"showSkybox":false,"showFlares":true,"showImageEffects":true,"showParticleSystems":true,"showVisualEffectGraphs":true,"m_FxEnabled":true},"in2DMode":false,"pivot":{"x":0.0,"y":1.3275073766708375,"z":-2.384185791015625e-7},"rotation":{"x":0.21486379206180573,"y":0.05416680499911308,"z":-0.011952984146773816,"w":0.9750525951385498},"size":3.2661004066467287,"orthographic":false}