﻿{"cameraMode":{"drawMode":0,"name":"Shaded","section":"Shading Mode"},"sceneLighting":false,"audioPlay":false,"sceneViewState":{"m_AlwaysRefresh":false,"showFog":true,"showSkybox":false,"showFlares":true,"showImageEffects":true,"showParticleSystems":true,"showVisualEffectGraphs":true,"m_FxEnabled":true},"in2DMode":false,"pivot":{"x":0.9375,"y":0.04379302263259888,"z":0.9375},"rotation":{"x":0.3598472476005554,"y":0.036373820155858996,"z":-0.014041818678379059,"w":0.9321991801261902},"size":5.899388790130615,"orthographic":false}