﻿{"cameraMode":{"drawMode":0,"name":"Shaded","section":"Shading Mode"},"sceneLighting":false,"audioPlay":false,"sceneViewState":{"m_AlwaysRefresh":false,"showFog":true,"showSkybox":false,"showFlares":true,"showImageEffects":true,"showParticleSystems":true,"showVisualEffectGraphs":true,"m_FxEnabled":true},"in2DMode":false,"pivot":{"x":1.0,"y":1.8921964168548585,"z":1.0},"rotation":{"x":0.35496020317077639,"y":0.15737098455429078,"z":-0.06074955686926842,"w":0.9195399880409241},"size":2.124650478363037,"orthographic":false}