﻿{"cameraMode":{"drawMode":0,"name":"Shaded","section":"Shading Mode"},"sceneLighting":false,"audioPlay":false,"sceneViewState":{"m_AlwaysRefresh":false,"showFog":true,"showSkybox":false,"showFlares":true,"showImageEffects":true,"showParticleSystems":true,"showVisualEffectGraphs":true,"m_FxEnabled":true},"in2DMode":false,"pivot":{"x":1.2448536157608033,"y":0.5148918628692627,"z":-1.3748613595962525},"rotation":{"x":0.30776751041412356,"y":-0.01712511107325554,"z":0.005541100632399321,"w":0.9512960910797119},"size":2.7199249267578127,"orthographic":false}