﻿{"cameraMode":{"drawMode":0,"name":"Shaded","section":"Shading Mode"},"sceneLighting":false,"audioPlay":false,"sceneViewState":{"m_AlwaysRefresh":false,"showFog":true,"showSkybox":false,"showFlares":true,"showImageEffects":true,"showParticleSystems":true,"showVisualEffectGraphs":true,"m_FxEnabled":true},"in2DMode":false,"pivot":{"x":1.0,"y":1.873274564743042,"z":1.0},"rotation":{"x":0.18090128898620606,"y":0.7448039650917053,"z":-0.22379876673221589,"w":0.6020439267158508},"size":2.124650478363037,"orthographic":false}