﻿{"cameraMode":{"drawMode":0,"name":"Shaded","section":"Shading Mode"},"sceneLighting":false,"audioPlay":false,"sceneViewState":{"m_AlwaysRefresh":false,"showFog":true,"showSkybox":false,"showFlares":true,"showImageEffects":true,"showParticleSystems":true,"showVisualEffectGraphs":true,"m_FxEnabled":true},"in2DMode":false,"pivot":{"x":-0.8467111587524414,"y":2.983567714691162,"z":-4.909810543060303},"rotation":{"x":0.32558473944664,"y":0.13829806447029115,"z":-0.04823191836476326,"w":0.9340837597846985},"size":6.016066074371338,"orthographic":false}