﻿{"cameraMode":{"drawMode":0,"name":"Shaded","section":"Shading Mode"},"sceneLighting":false,"audioPlay":false,"sceneViewState":{"m_AlwaysRefresh":false,"showFog":true,"showSkybox":false,"showFlares":true,"showImageEffects":true,"showParticleSystems":true,"showVisualEffectGraphs":true,"m_FxEnabled":true},"in2DMode":false,"pivot":{"x":687.27734375,"y":0.2502748966217041,"z":767.8358764648438},"rotation":{"x":0.22838075459003449,"y":0.5089783668518066,"z":-0.14219968020915986,"w":0.8176243305206299},"size":0.6351288557052612,"orthographic":false}