﻿{"cameraMode":{"drawMode":0,"name":"Shaded","section":"Shading Mode"},"sceneLighting":false,"audioPlay":false,"sceneViewState":{"m_AlwaysRefresh":false,"showFog":true,"showSkybox":false,"showFlares":true,"showImageEffects":true,"showParticleSystems":true,"showVisualEffectGraphs":true,"m_FxEnabled":true},"in2DMode":false,"pivot":{"x":726.8578491210938,"y":2.3957934379577638,"z":733.7543334960938},"rotation":{"x":0.22838075459003449,"y":0.5089783668518066,"z":-0.14219968020915986,"w":0.8176243305206299},"size":2.5334465503692629,"orthographic":false}