﻿{"cameraMode":{"drawMode":0,"name":"Shaded","section":"Shading Mode"},"sceneLighting":true,"audioPlay":false,"sceneViewState":{"m_AlwaysRefresh":false,"showFog":true,"showSkybox":true,"showFlares":true,"showImageEffects":true,"showParticleSystems":true,"showVisualEffectGraphs":true,"m_FxEnabled":true},"in2DMode":false,"pivot":{"x":34.19764709472656,"y":6.099733352661133,"z":36.76036071777344},"rotation":{"x":0.22838075459003449,"y":0.5089783668518066,"z":-0.14219968020915986,"w":0.8176243305206299},"size":79.55496978759766,"orthographic":false}